,original unit id,Wilcoxon Stat,p value,event1 vs event2,Recording,Subject,Event
0,85,35.0,0.791015625,not significant,20230612_101430_standard_comp_to_training_D1_subj_1-3_t3b3L_box2_merged.rec,1-3,10s win vs 10s baseline
1,55,36.0,0.541748046875,not significant,20230612_101430_standard_comp_to_training_D1_subj_1-3_t3b3L_box2_merged.rec,1-3,10s win vs 10s baseline
2,17,30.0,0.5185546875,not significant,20230612_101430_standard_comp_to_training_D1_subj_1-3_t3b3L_box2_merged.rec,1-3,10s win vs 10s baseline
3,24,3.0,0.001220703125,increases,20230612_101430_standard_comp_to_training_D1_subj_1-3_t3b3L_box2_merged.rec,1-3,10s win vs 10s baseline
4,68,29.0,0.4697265625,not significant,20230612_101430_standard_comp_to_training_D1_subj_1-3_t3b3L_box2_merged.rec,1-3,10s win vs 10s baseline
5,65,20.0,0.4921875,not significant,20230612_101430_standard_comp_to_training_D1_subj_1-3_t3b3L_box2_merged.rec,1-3,10s win vs 10s baseline
6,98,26.0,0.19091796875,not significant,20230612_101430_standard_comp_to_training_D1_subj_1-3_t3b3L_box2_merged.rec,1-3,10s win vs 10s baseline
7,94,28.0,0.243896484375,not significant,20230612_101430_standard_comp_to_training_D1_subj_1-3_t3b3L_box2_merged.rec,1-3,10s win vs 10s baseline
8,2,26.0,0.33935546875,not significant,20230612_101430_standard_comp_to_training_D1_subj_1-3_t3b3L_box2_merged.rec,1-3,10s win vs 10s baseline
9,33,44.0,0.946044921875,not significant,20230612_101430_standard_comp_to_training_D1_subj_1-3_t3b3L_box2_merged.rec,1-3,10s win vs 10s baseline
10,13,18.0,0.057373046875,not significant,20230612_101430_standard_comp_to_training_D1_subj_1-3_t3b3L_box2_merged.rec,1-3,10s win vs 10s baseline
11,59,22.5,0.127197265625,not significant,20230612_101430_standard_comp_to_training_D1_subj_1-3_t3b3L_box2_merged.rec,1-3,10s win vs 10s baseline
12,81,22.0,0.10986328125,not significant,20230612_101430_standard_comp_to_training_D1_subj_1-3_t3b3L_box2_merged.rec,1-3,10s win vs 10s baseline
13,19,36.0,0.541748046875,not significant,20230612_101430_standard_comp_to_training_D1_subj_1-3_t3b3L_box2_merged.rec,1-3,10s win vs 10s baseline
14,88,12.0,0.130859375,not significant,20230612_101430_standard_comp_to_training_D1_subj_1-3_t3b3L_box2_merged.rec,1-3,10s win vs 10s baseline
15,26,20.5,0.3203125,not significant,20230612_101430_standard_comp_to_training_D1_subj_1-3_t3b3L_box2_merged.rec,1-3,10s win vs 10s baseline
16,5,11.0,0.02685546875,increases,20230612_101430_standard_comp_to_training_D1_subj_1-3_t3b3L_box2_merged.rec,1-3,10s win vs 10s baseline
17,36,6.0,0.0068359375,increases,20230612_101430_standard_comp_to_training_D1_subj_1-3_t3b3L_box2_merged.rec,1-3,10s win vs 10s baseline
18,57,13.0,0.9375,not significant,20230612_101430_standard_comp_to_training_D1_subj_1-3_t3b3L_box2_merged.rec,1-3,10s win vs 10s baseline
19,6,74.0,0.4180412292480469,not significant,20230617_115521_standard_comp_to_omission_D1_subj_1-1_t1b3L_box1_merged.rec,1-1,10s win vs 10s baseline
20,60,36.0,0.015972137451171875,increases,20230617_115521_standard_comp_to_omission_D1_subj_1-1_t1b3L_box1_merged.rec,1-1,10s win vs 10s baseline
21,4,64.0,0.3692169189453125,not significant,20230617_115521_standard_comp_to_omission_D1_subj_1-1_t1b3L_box1_merged.rec,1-1,10s win vs 10s baseline
22,59,53.0,0.09551239013671875,not significant,20230617_115521_standard_comp_to_omission_D1_subj_1-1_t1b3L_box1_merged.rec,1-1,10s win vs 10s baseline
23,39,48.5,0.11870574951171875,not significant,20230617_115521_standard_comp_to_omission_D1_subj_1-1_t1b3L_box1_merged.rec,1-1,10s win vs 10s baseline
24,28,71.0,0.550872802734375,not significant,20230617_115521_standard_comp_to_omission_D1_subj_1-1_t1b3L_box1_merged.rec,1-1,10s win vs 10s baseline
25,29,74.0,0.4180412292480469,not significant,20230617_115521_standard_comp_to_omission_D1_subj_1-1_t1b3L_box1_merged.rec,1-1,10s win vs 10s baseline
26,54,58.0,0.4037628173828125,not significant,20230617_115521_standard_comp_to_omission_D1_subj_1-1_t1b3L_box1_merged.rec,1-1,10s win vs 10s baseline
27,52,85.0,0.70855712890625,not significant,20230617_115521_standard_comp_to_omission_D1_subj_1-1_t1b3L_box1_merged.rec,1-1,10s win vs 10s baseline
28,48,45.5,0.0897674560546875,not significant,20230617_115521_standard_comp_to_omission_D1_subj_1-1_t1b3L_box1_merged.rec,1-1,10s win vs 10s baseline
29,74,60.5,0.30379486083984375,not significant,20230617_115521_standard_comp_to_omission_D1_subj_1-1_t1b3L_box1_merged.rec,1-1,10s win vs 10s baseline
30,78,46.0,0.274444580078125,not significant,20230617_115521_standard_comp_to_omission_D1_subj_1-1_t1b3L_box1_merged.rec,1-1,10s win vs 10s baseline
31,5,90.0,0.8595733642578125,not significant,20230617_115521_standard_comp_to_omission_D1_subj_1-1_t1b3L_box1_merged.rec,1-1,10s win vs 10s baseline
32,53,38.5,0.42626953125,not significant,20230617_115521_standard_comp_to_omission_D1_subj_1-1_t1b3L_box1_merged.rec,1-1,10s win vs 10s baseline
33,17,39.0,0.14385986328125,not significant,20230617_115521_standard_comp_to_omission_D1_subj_1-1_t1b3L_box1_merged.rec,1-1,10s win vs 10s baseline
34,3,84.0,0.9661178588867188,not significant,20230617_115521_standard_comp_to_omission_D1_subj_1-1_t1b3L_box1_merged.rec,1-1,10s win vs 10s baseline
35,80,25.0,0.02496337890625,increases,20230617_115521_standard_comp_to_omission_D1_subj_1-1_t1b3L_box1_merged.rec,1-1,10s win vs 10s baseline
36,0,,,,20230617_115521_standard_comp_to_omission_D1_subj_1-2_t2b2L_box2_merged.rec,1-2,10s win vs 10s baseline
37,139,45.0,0.6697998046875,not significant,20230618_100636_standard_comp_to_omission_D2_subj_1-1_t1b2L_box2_merged.rec,1-1,10s win vs 10s baseline
38,7,32.5,0.2412109375,not significant,20230618_100636_standard_comp_to_omission_D2_subj_1-1_t1b2L_box2_merged.rec,1-1,10s win vs 10s baseline
39,76,43.5,0.625732421875,not significant,20230618_100636_standard_comp_to_omission_D2_subj_1-1_t1b2L_box2_merged.rec,1-1,10s win vs 10s baseline
40,84,49.0,0.855224609375,not significant,20230618_100636_standard_comp_to_omission_D2_subj_1-1_t1b2L_box2_merged.rec,1-1,10s win vs 10s baseline
41,159,32.0,0.216552734375,not significant,20230618_100636_standard_comp_to_omission_D2_subj_1-1_t1b2L_box2_merged.rec,1-1,10s win vs 10s baseline
42,98,1.0,0.0009765625,increases,20230618_100636_standard_comp_to_omission_D2_subj_1-1_t1b2L_box2_merged.rec,1-1,10s win vs 10s baseline
43,141,44.5,0.6697998046875,not significant,20230618_100636_standard_comp_to_omission_D2_subj_1-1_t1b2L_box2_merged.rec,1-1,10s win vs 10s baseline
44,154,35.5,0.85009765625,not significant,20230618_100636_standard_comp_to_omission_D2_subj_1-1_t1b2L_box2_merged.rec,1-1,10s win vs 10s baseline
45,50,23.0,0.2333984375,not significant,20230618_100636_standard_comp_to_omission_D2_subj_1-1_t1b2L_box2_merged.rec,1-1,10s win vs 10s baseline
46,12,27.0,0.21630859375,not significant,20230618_100636_standard_comp_to_omission_D2_subj_1-1_t1b2L_box2_merged.rec,1-1,10s win vs 10s baseline
47,48,28.0,0.423828125,not significant,20230618_100636_standard_comp_to_omission_D2_subj_1-1_t1b2L_box2_merged.rec,1-1,10s win vs 10s baseline
48,11,27.0,0.21630859375,not significant,20230618_100636_standard_comp_to_omission_D2_subj_1-1_t1b2L_box2_merged.rec,1-1,10s win vs 10s baseline
49,175,22.0,0.0579833984375,not significant,20230618_100636_standard_comp_to_omission_D2_subj_1-1_t1b2L_box2_merged.rec,1-1,10s win vs 10s baseline
50,128,19.5,0.080322265625,not significant,20230618_100636_standard_comp_to_omission_D2_subj_1-1_t1b2L_box2_merged.rec,1-1,10s win vs 10s baseline
51,90,39.0,0.42626953125,not significant,20230618_100636_standard_comp_to_omission_D2_subj_1-1_t1b2L_box2_merged.rec,1-1,10s win vs 10s baseline
52,137,35.5,0.85009765625,not significant,20230618_100636_standard_comp_to_omission_D2_subj_1-1_t1b2L_box2_merged.rec,1-1,10s win vs 10s baseline
53,161,19.5,0.0418701171875,increases,20230618_100636_standard_comp_to_omission_D2_subj_1-1_t1b2L_box2_merged.rec,1-1,10s win vs 10s baseline
54,65,6.0,0.4375,not significant,20230618_100636_standard_comp_to_omission_D2_subj_1-4_t4b3L_box1_merged.rec,1-4,10s win vs 10s baseline
55,123,6.0,0.4375,not significant,20230618_100636_standard_comp_to_omission_D2_subj_1-4_t4b3L_box1_merged.rec,1-4,10s win vs 10s baseline
56,103,3.0,0.15625,not significant,20230618_100636_standard_comp_to_omission_D2_subj_1-4_t4b3L_box1_merged.rec,1-4,10s win vs 10s baseline
57,83,0.0,0.03125,decreases,20230618_100636_standard_comp_to_omission_D2_subj_1-4_t4b3L_box1_merged.rec,1-4,10s win vs 10s baseline
58,118,0.0,0.03125,decreases,20230618_100636_standard_comp_to_omission_D2_subj_1-4_t4b3L_box1_merged.rec,1-4,10s win vs 10s baseline
59,93,0.0,0.03125,decreases,20230618_100636_standard_comp_to_omission_D2_subj_1-4_t4b3L_box1_merged.rec,1-4,10s win vs 10s baseline
60,99,5.0,0.3125,not significant,20230618_100636_standard_comp_to_omission_D2_subj_1-4_t4b3L_box1_merged.rec,1-4,10s win vs 10s baseline
61,105,5.0,0.625,not significant,20230618_100636_standard_comp_to_omission_D2_subj_1-4_t4b3L_box1_merged.rec,1-4,10s win vs 10s baseline
62,87,5.0,0.3125,not significant,20230618_100636_standard_comp_to_omission_D2_subj_1-4_t4b3L_box1_merged.rec,1-4,10s win vs 10s baseline
63,19,0.0,0.0625,not significant,20230618_100636_standard_comp_to_omission_D2_subj_1-4_t4b3L_box1_merged.rec,1-4,10s win vs 10s baseline
64,9,1.0,0.0625,not significant,20230618_100636_standard_comp_to_omission_D2_subj_1-4_t4b3L_box1_merged.rec,1-4,10s win vs 10s baseline
65,0,,,,20230619_115321_standard_comp_to_omission_D3_subj_1-4_t3b3L_box2_merged.rec,1-4,10s win vs 10s baseline
66,89,15.0,0.03271484375,increases,20230620_114347_standard_comp_to_omission_D4_subj_1-1_t1b2L_box_2_merged.rec,1-1,10s win vs 10s baseline
67,119,17.5,0.10986328125,not significant,20230620_114347_standard_comp_to_omission_D4_subj_1-1_t1b2L_box_2_merged.rec,1-1,10s win vs 10s baseline
68,64,23.5,0.146484375,not significant,20230620_114347_standard_comp_to_omission_D4_subj_1-1_t1b2L_box_2_merged.rec,1-1,10s win vs 10s baseline
69,121,28.5,0.7646484375,not significant,20230620_114347_standard_comp_to_omission_D4_subj_1-1_t1b2L_box_2_merged.rec,1-1,10s win vs 10s baseline
70,98,34.0,0.454833984375,not significant,20230620_114347_standard_comp_to_omission_D4_subj_1-1_t1b2L_box_2_merged.rec,1-1,10s win vs 10s baseline
71,126,0.0,0.0009765625,decreases,20230620_114347_standard_comp_to_omission_D4_subj_1-1_t1b2L_box_2_merged.rec,1-1,10s win vs 10s baseline
72,100,21.0,0.09423828125,not significant,20230620_114347_standard_comp_to_omission_D4_subj_1-1_t1b2L_box_2_merged.rec,1-1,10s win vs 10s baseline
73,2,23.5,0.26611328125,not significant,20230620_114347_standard_comp_to_omission_D4_subj_1-1_t1b2L_box_2_merged.rec,1-1,10s win vs 10s baseline
74,0,,,,20230620_114347_standard_comp_to_omission_D4_subj_1-2_t3b3L_box_1_merged.rec,1-2,10s win vs 10s baseline
75,0,,,,20230621_111240_standard_comp_to_omission_D5_subj_1-4_t3b3L_box1_merged.rec,1-4,10s win vs 10s baseline
76,0,,,,20230622_110832_standard_comp_to_both_rewarded_D1_subj_1-1_t1b3L_box1_merged.rec,1-1,10s win vs 10s baseline
77,21,79.5,0.5677604675292969,not significant,20230622_110832_standard_comp_to_both_rewarded_D1_subj_1-2_t3b3L_box1_merged.rec,1-2,10s win vs 10s baseline
78,53,88.5,0.5705966949462891,not significant,20230622_110832_standard_comp_to_both_rewarded_D1_subj_1-2_t3b3L_box1_merged.rec,1-2,10s win vs 10s baseline
79,46,55.5,0.12318801879882812,not significant,20230622_110832_standard_comp_to_both_rewarded_D1_subj_1-2_t3b3L_box1_merged.rec,1-2,10s win vs 10s baseline
80,45,52.5,0.09551239013671875,not significant,20230622_110832_standard_comp_to_both_rewarded_D1_subj_1-2_t3b3L_box1_merged.rec,1-2,10s win vs 10s baseline
81,33,42.0,0.017181396484375,increases,20230622_110832_standard_comp_to_both_rewarded_D1_subj_1-2_t3b3L_box1_merged.rec,1-2,10s win vs 10s baseline
82,109,62.5,0.21011734008789062,not significant,20230622_110832_standard_comp_to_both_rewarded_D1_subj_1-2_t3b3L_box1_merged.rec,1-2,10s win vs 10s baseline
83,76,54.5,0.06372261047363281,not significant,20230622_110832_standard_comp_to_both_rewarded_D1_subj_1-2_t3b3L_box1_merged.rec,1-2,10s win vs 10s baseline
84,39,46.0,0.049365997314453125,increases,20230622_110832_standard_comp_to_both_rewarded_D1_subj_1-2_t3b3L_box1_merged.rec,1-2,10s win vs 10s baseline
85,26,87.0,0.76800537109375,not significant,20230622_110832_standard_comp_to_both_rewarded_D1_subj_1-2_t3b3L_box1_merged.rec,1-2,10s win vs 10s baseline
86,44,68.0,0.17685317993164062,not significant,20230622_110832_standard_comp_to_both_rewarded_D1_subj_1-2_t3b3L_box1_merged.rec,1-2,10s win vs 10s baseline
87,22,41.0,0.0289306640625,increases,20230622_110832_standard_comp_to_both_rewarded_D1_subj_1-2_t3b3L_box1_merged.rec,1-2,10s win vs 10s baseline
88,48,58.0,0.082550048828125,not significant,20230622_110832_standard_comp_to_both_rewarded_D1_subj_1-2_t3b3L_box1_merged.rec,1-2,10s win vs 10s baseline
89,74,3.0,3.814697265625e-05,increases,20230622_110832_standard_comp_to_both_rewarded_D1_subj_1-2_t3b3L_box1_merged.rec,1-2,10s win vs 10s baseline
90,37,37.0,0.009435653686523438,increases,20230622_110832_standard_comp_to_both_rewarded_D1_subj_1-2_t3b3L_box1_merged.rec,1-2,10s win vs 10s baseline
91,58,62.5,0.1230926513671875,not significant,20230622_110832_standard_comp_to_both_rewarded_D1_subj_1-2_t3b3L_box1_merged.rec,1-2,10s win vs 10s baseline
92,1,54.0,0.104156494140625,not significant,20230622_110832_standard_comp_to_both_rewarded_D1_subj_1-2_t3b3L_box1_merged.rec,1-2,10s win vs 10s baseline
93,23,35.0,0.0072956085205078125,increases,20230622_110832_standard_comp_to_both_rewarded_D1_subj_1-2_t3b3L_box1_merged.rec,1-2,10s win vs 10s baseline
94,20,97.5,0.8123550415039062,not significant,20230622_110832_standard_comp_to_both_rewarded_D1_subj_1-2_t3b3L_box1_merged.rec,1-2,10s win vs 10s baseline
95,29,79.0,0.5412178039550781,not significant,20230622_110832_standard_comp_to_both_rewarded_D1_subj_1-2_t3b3L_box1_merged.rec,1-2,10s win vs 10s baseline
96,115,79.5,0.83172607421875,not significant,20230622_110832_standard_comp_to_both_rewarded_D1_subj_1-2_t3b3L_box1_merged.rec,1-2,10s win vs 10s baseline
97,59,58.5,0.668548583984375,not significant,20230622_110832_standard_comp_to_both_rewarded_D1_subj_1-2_t3b3L_box1_merged.rec,1-2,10s win vs 10s baseline
98,51,37.0,0.009435653686523438,increases,20230622_110832_standard_comp_to_both_rewarded_D1_subj_1-2_t3b3L_box1_merged.rec,1-2,10s win vs 10s baseline
99,55,79.0,0.5412178039550781,not significant,20230622_110832_standard_comp_to_both_rewarded_D1_subj_1-2_t3b3L_box1_merged.rec,1-2,10s win vs 10s baseline
100,27,68.5,0.49507904052734375,not significant,20230622_110832_standard_comp_to_both_rewarded_D1_subj_1-2_t3b3L_box1_merged.rec,1-2,10s win vs 10s baseline
101,102,72.5,0.24548721313476562,not significant,20230622_110832_standard_comp_to_both_rewarded_D1_subj_1-2_t3b3L_box1_merged.rec,1-2,10s win vs 10s baseline
102,6,53.5,0.058258056640625,not significant,20230622_110832_standard_comp_to_both_rewarded_D1_subj_1-2_t3b3L_box1_merged.rec,1-2,10s win vs 10s baseline
103,15,60.0,0.168792724609375,not significant,20230622_110832_standard_comp_to_both_rewarded_D1_subj_1-2_t3b3L_box1_merged.rec,1-2,10s win vs 10s baseline
104,110,57.5,0.082550048828125,not significant,20230624_105855_standard_comp_to_both_rewarded_D3_subj_1-2_t1b2L_box1_merged.rec,1-2,10s win vs 10s baseline
105,37,47.0,0.029575347900390625,increases,20230624_105855_standard_comp_to_both_rewarded_D3_subj_1-2_t1b2L_box1_merged.rec,1-2,10s win vs 10s baseline
106,3,30.0,0.007144927978515625,increases,20230624_105855_standard_comp_to_both_rewarded_D3_subj_1-2_t1b2L_box1_merged.rec,1-2,10s win vs 10s baseline
107,25,71.0,0.550872802734375,not significant,20230624_105855_standard_comp_to_both_rewarded_D3_subj_1-2_t1b2L_box1_merged.rec,1-2,10s win vs 10s baseline
108,49,17.5,0.00384521484375,increases,20230624_105855_standard_comp_to_both_rewarded_D3_subj_1-2_t1b2L_box1_merged.rec,1-2,10s win vs 10s baseline
109,5,80.0,0.36827659606933594,not significant,20230624_105855_standard_comp_to_both_rewarded_D3_subj_1-2_t1b2L_box1_merged.rec,1-2,10s win vs 10s baseline
110,17,57.0,0.0758514404296875,not significant,20230624_105855_standard_comp_to_both_rewarded_D3_subj_1-2_t1b2L_box1_merged.rec,1-2,10s win vs 10s baseline
111,40,101.0,0.8983173370361328,not significant,20230624_105855_standard_comp_to_both_rewarded_D3_subj_1-2_t1b2L_box1_merged.rec,1-2,10s win vs 10s baseline
112,128,52.5,0.05316925048828125,not significant,20230624_105855_standard_comp_to_both_rewarded_D3_subj_1-2_t1b2L_box1_merged.rec,1-2,10s win vs 10s baseline
113,134,69.5,0.3320655822753906,not significant,20230624_105855_standard_comp_to_both_rewarded_D3_subj_1-2_t1b2L_box1_merged.rec,1-2,10s win vs 10s baseline
114,22,45.5,0.049365997314453125,increases,20230624_105855_standard_comp_to_both_rewarded_D3_subj_1-2_t1b2L_box1_merged.rec,1-2,10s win vs 10s baseline
115,39,36.5,0.009435653686523438,increases,20230624_105855_standard_comp_to_both_rewarded_D3_subj_1-2_t1b2L_box1_merged.rec,1-2,10s win vs 10s baseline
116,50,30.0,0.007144927978515625,increases,20230624_105855_standard_comp_to_both_rewarded_D3_subj_1-2_t1b2L_box1_merged.rec,1-2,10s win vs 10s baseline
117,41,20.0,0.0007076263427734375,increases,20230624_105855_standard_comp_to_both_rewarded_D3_subj_1-2_t1b2L_box1_merged.rec,1-2,10s win vs 10s baseline
118,15,60.5,0.10539817810058594,not significant,20230624_105855_standard_comp_to_both_rewarded_D3_subj_1-2_t1b2L_box1_merged.rec,1-2,10s win vs 10s baseline
119,132,87.0,0.76800537109375,not significant,20230624_105855_standard_comp_to_both_rewarded_D3_subj_1-2_t1b2L_box1_merged.rec,1-2,10s win vs 10s baseline
120,35,41.0,0.01531219482421875,increases,20230624_105855_standard_comp_to_both_rewarded_D3_subj_1-2_t1b2L_box1_merged.rec,1-2,10s win vs 10s baseline
121,27,88.5,0.5705966949462891,not significant,20230624_105855_standard_comp_to_both_rewarded_D3_subj_1-2_t1b2L_box1_merged.rec,1-2,10s win vs 10s baseline
122,38,57.5,0.082550048828125,not significant,20230624_105855_standard_comp_to_both_rewarded_D3_subj_1-2_t1b2L_box1_merged.rec,1-2,10s win vs 10s baseline
123,48,92.5,0.9529838562011719,not significant,20230624_105855_standard_comp_to_both_rewarded_D3_subj_1-2_t1b2L_box1_merged.rec,1-2,10s win vs 10s baseline
124,2,45.5,0.049365997314453125,increases,20230624_105855_standard_comp_to_both_rewarded_D3_subj_1-2_t1b2L_box1_merged.rec,1-2,10s win vs 10s baseline
125,113,46.0,0.026641845703125,increases,20230624_105855_standard_comp_to_both_rewarded_D3_subj_1-2_t1b2L_box1_merged.rec,1-2,10s win vs 10s baseline
126,63,30.0,0.007144927978515625,increases,20230624_105855_standard_comp_to_both_rewarded_D3_subj_1-2_t1b2L_box1_merged.rec,1-2,10s win vs 10s baseline
127,0,77.5,0.7660293579101562,not significant,20230624_105855_standard_comp_to_both_rewarded_D3_subj_1-2_t1b2L_box1_merged.rec,1-2,10s win vs 10s baseline
128,103,68.0,0.17685317993164062,not significant,20230624_105855_standard_comp_to_both_rewarded_D3_subj_1-2_t1b2L_box1_merged.rec,1-2,10s win vs 10s baseline
129,42,38.0,0.129730224609375,not significant,20230624_105855_standard_comp_to_both_rewarded_D3_subj_1-2_t1b2L_box1_merged.rec,1-2,10s win vs 10s baseline
130,36,93.5,0.7011814117431641,not significant,20230624_105855_standard_comp_to_both_rewarded_D3_subj_1-2_t1b2L_box1_merged.rec,1-2,10s win vs 10s baseline
131,44,80.0,0.83172607421875,not significant,20230624_105855_standard_comp_to_both_rewarded_D3_subj_1-2_t1b2L_box1_merged.rec,1-2,10s win vs 10s baseline
132,43,73.0,0.24548721313476562,not significant,20230624_105855_standard_comp_to_both_rewarded_D3_subj_1-2_t1b2L_box1_merged.rec,1-2,10s win vs 10s baseline
133,10,94.0,0.7011814117431641,not significant,20230624_105855_standard_comp_to_both_rewarded_D3_subj_1-2_t1b2L_box1_merged.rec,1-2,10s win vs 10s baseline
134,33,67.5,0.2934989929199219,not significant,20230624_105855_standard_comp_to_both_rewarded_D3_subj_1-2_t1b2L_box1_merged.rec,1-2,10s win vs 10s baseline
135,12,66.0,0.93988037109375,not significant,20230624_105855_standard_comp_to_both_rewarded_D3_subj_1-2_t1b2L_box1_merged.rec,1-2,10s win vs 10s baseline
136,0,,,,20230624_105855_standard_comp_to_both_rewarded_D3_subj_1-4_t3b3L_box1_merged.rec,1-4,10s win vs 10s baseline
137,27,21.0,0.013092041015625,increases,20230625_112913_standard_comp_to_both_rewarded_D4_subj_1-1_t1b2L_box1_merged.rec,1-1,10s win vs 10s baseline
138,81,47.5,0.52447509765625,not significant,20230625_112913_standard_comp_to_both_rewarded_D4_subj_1-1_t1b2L_box1_merged.rec,1-1,10s win vs 10s baseline
139,52,52.0,0.67877197265625,not significant,20230625_112913_standard_comp_to_both_rewarded_D4_subj_1-1_t1b2L_box1_merged.rec,1-1,10s win vs 10s baseline
140,0,63.0,0.820892333984375,not significant,20230625_112913_standard_comp_to_both_rewarded_D4_subj_1-1_t1b2L_box1_merged.rec,1-1,10s win vs 10s baseline
141,69,61.5,0.781951904296875,not significant,20230625_112913_standard_comp_to_both_rewarded_D4_subj_1-1_t1b2L_box1_merged.rec,1-1,10s win vs 10s baseline
142,67,67.0,0.979949951171875,not significant,20230625_112913_standard_comp_to_both_rewarded_D4_subj_1-1_t1b2L_box1_merged.rec,1-1,10s win vs 10s baseline
143,25,63.5,0.860260009765625,not significant,20230625_112913_standard_comp_to_both_rewarded_D4_subj_1-1_t1b2L_box1_merged.rec,1-1,10s win vs 10s baseline
144,7,30.0,0.0506591796875,not significant,20230625_112913_standard_comp_to_both_rewarded_D4_subj_1-1_t1b2L_box1_merged.rec,1-1,10s win vs 10s baseline
145,13,37.0,0.207763671875,not significant,20230625_112913_standard_comp_to_both_rewarded_D4_subj_1-1_t1b2L_box1_merged.rec,1-1,10s win vs 10s baseline
146,60,30.0,0.0506591796875,not significant,20230625_112913_standard_comp_to_both_rewarded_D4_subj_1-1_t1b2L_box1_merged.rec,1-1,10s win vs 10s baseline
147,68,42.0,0.33026123046875,not significant,20230625_112913_standard_comp_to_both_rewarded_D4_subj_1-1_t1b2L_box1_merged.rec,1-1,10s win vs 10s baseline
148,3,62.5,0.820892333984375,not significant,20230625_112913_standard_comp_to_both_rewarded_D4_subj_1-1_t1b2L_box1_merged.rec,1-1,10s win vs 10s baseline
149,32,61.5,0.781951904296875,not significant,20230625_112913_standard_comp_to_both_rewarded_D4_subj_1-1_t1b2L_box1_merged.rec,1-1,10s win vs 10s baseline
150,62,34.0,0.083251953125,not significant,20230625_112913_standard_comp_to_both_rewarded_D4_subj_1-1_t1b2L_box1_merged.rec,1-1,10s win vs 10s baseline
151,78,44.0,0.231201171875,not significant,20230625_112913_standard_comp_to_both_rewarded_D4_subj_1-1_t1b2L_box1_merged.rec,1-1,10s win vs 10s baseline
152,64,51.5,0.433197021484375,not significant,20230625_112913_standard_comp_to_both_rewarded_D4_subj_1-1_t1b2L_box1_merged.rec,1-1,10s win vs 10s baseline
153,0,,,,20230625_112913_standard_comp_to_both_rewarded_D4_subj_1-4_t3b3L_box1_merged.rec,1-4,10s win vs 10s baseline
154,18,25.0,0.30126953125,not significant,20240320_142408_alone_comp_subj_3-1_t6b6_merged.rec,3-1,10s win vs 10s baseline
155,9,17.0,0.1748046875,not significant,20240320_142408_alone_comp_subj_3-1_t6b6_merged.rec,3-1,10s win vs 10s baseline
156,20,19.0,0.12939453125,not significant,20240320_142408_alone_comp_subj_3-1_t6b6_merged.rec,3-1,10s win vs 10s baseline
157,154,14.0,0.05224609375,not significant,20240320_142408_alone_comp_subj_3-1_t6b6_merged.rec,3-1,10s win vs 10s baseline
158,123,20.0,0.1513671875,not significant,20240320_142408_alone_comp_subj_3-1_t6b6_merged.rec,3-1,10s win vs 10s baseline
159,115,34.0,0.7333984375,not significant,20240320_142408_alone_comp_subj_3-1_t6b6_merged.rec,3-1,10s win vs 10s baseline
160,117,26.5,0.38037109375,not significant,20240320_142408_alone_comp_subj_3-1_t6b6_merged.rec,3-1,10s win vs 10s baseline
161,150,12.5,0.16015625,not significant,20240320_142408_alone_comp_subj_3-1_t6b6_merged.rec,3-1,10s win vs 10s baseline
162,13,9.5,0.0419921875,increases,20240320_142408_alone_comp_subj_3-1_t6b6_merged.rec,3-1,10s win vs 10s baseline
163,190,23.0,0.6953125,not significant,20240320_142408_alone_comp_subj_3-1_t6b6_merged.rec,3-1,10s win vs 10s baseline
164,124,12.0,0.4609375,not significant,20240320_142408_alone_comp_subj_3-3_t5b5_merged.rec,3-3,10s win vs 10s baseline
165,148,14.0,0.640625,not significant,20240320_142408_alone_comp_subj_3-3_t5b5_merged.rec,3-3,10s win vs 10s baseline
166,45,7.0,0.1484375,not significant,20240320_142408_alone_comp_subj_3-3_t5b5_merged.rec,3-3,10s win vs 10s baseline
167,146,14.0,0.640625,not significant,20240320_142408_alone_comp_subj_3-3_t5b5_merged.rec,3-3,10s win vs 10s baseline
168,109,10.5,0.6875,not significant,20240320_142408_alone_comp_subj_3-3_t5b5_merged.rec,3-3,10s win vs 10s baseline
169,60,7.0,0.1484375,not significant,20240320_142408_alone_comp_subj_3-3_t5b5_merged.rec,3-3,10s win vs 10s baseline
170,67,17.5,1.0,not significant,20240320_142408_alone_comp_subj_3-3_t5b5_merged.rec,3-3,10s win vs 10s baseline
171,0,,,,20240320_171038_alone_comp_subj_4-2_t6b6_merged.rec,4-2,10s win vs 10s baseline
172,33,35.0,0.1688232421875,not significant,20240320_171038_alone_comp_subj_4-3_t5b5_merged.rec,4-3,10s win vs 10s baseline
173,42,48.5,0.2068939208984375,not significant,20240320_171038_alone_comp_subj_4-3_t5b5_merged.rec,4-3,10s win vs 10s baseline
174,150,27.0,0.00457763671875,increases,20240320_171038_alone_comp_subj_4-3_t5b5_merged.rec,4-3,10s win vs 10s baseline
175,13,26.0,0.003917694091796875,increases,20240320_171038_alone_comp_subj_4-3_t5b5_merged.rec,4-3,10s win vs 10s baseline
176,82,75.0,0.6705245971679688,not significant,20240320_171038_alone_comp_subj_4-3_t5b5_merged.rec,4-3,10s win vs 10s baseline
177,32,36.0,0.056884765625,not significant,20240320_171038_alone_comp_subj_4-3_t5b5_merged.rec,4-3,10s win vs 10s baseline
178,63,47.0,0.17425537109375,not significant,20240320_171038_alone_comp_subj_4-3_t5b5_merged.rec,4-3,10s win vs 10s baseline
179,116,66.5,0.979949951171875,not significant,20240320_171038_alone_comp_subj_4-3_t5b5_merged.rec,4-3,10s win vs 10s baseline
180,93,71.0,0.550872802734375,not significant,20240320_171038_alone_comp_subj_4-3_t5b5_merged.rec,4-3,10s win vs 10s baseline
181,124,32.5,0.07391357421875,not significant,20240320_171038_alone_comp_subj_4-3_t5b5_merged.rec,4-3,10s win vs 10s baseline
182,8,43.5,0.625732421875,not significant,20240320_171038_alone_comp_subj_4-3_t5b5_merged.rec,4-3,10s win vs 10s baseline
183,66,85.5,1.0,not significant,20240320_171038_alone_comp_subj_4-3_t5b5_merged.rec,4-3,10s win vs 10s baseline
184,110,40.5,0.0289306640625,increases,20240320_171038_alone_comp_subj_4-3_t5b5_merged.rec,4-3,10s win vs 10s baseline
185,111,38.0,0.03849029541015625,increases,20240320_171038_alone_comp_subj_4-3_t5b5_merged.rec,4-3,10s win vs 10s baseline
186,75,40.0,0.025821685791015625,increases,20240320_171038_alone_comp_subj_4-3_t5b5_merged.rec,4-3,10s win vs 10s baseline
187,120,21.5,0.00202178955078125,increases,20240320_171038_alone_comp_subj_4-3_t5b5_merged.rec,4-3,10s win vs 10s baseline
188,31,69.0,0.312408447265625,not significant,20240320_171038_alone_comp_subj_4-3_t5b5_merged.rec,4-3,10s win vs 10s baseline
189,95,81.5,0.8985748291015625,not significant,20240320_171038_alone_comp_subj_4-3_t5b5_merged.rec,4-3,10s win vs 10s baseline
190,59,54.5,0.11337661743164062,not significant,20240320_171038_alone_comp_subj_4-3_t5b5_merged.rec,4-3,10s win vs 10s baseline
191,19,69.0,0.312408447265625,not significant,20240320_171038_alone_comp_subj_4-3_t5b5_merged.rec,4-3,10s win vs 10s baseline
192,98,43.5,0.040130615234375,increases,20240320_171038_alone_comp_subj_4-3_t5b5_merged.rec,4-3,10s win vs 10s baseline
193,94,55.5,0.2121429443359375,not significant,20240320_171038_alone_comp_subj_4-3_t5b5_merged.rec,4-3,10s win vs 10s baseline
194,0,,,,20240322_120625_alone_comp_subj_3-3_t6b6_merged.rec,3-3,10s win vs 10s baseline
195,8,26.0,0.0019855499267578125,increases,20240322_120625_alone_comp_subj_3-4_t5b5_merged.rec,3-4,10s win vs 10s baseline
196,32,33.0,0.005580902099609375,increases,20240322_120625_alone_comp_subj_3-4_t5b5_merged.rec,3-4,10s win vs 10s baseline
197,44,35.0,0.1688232421875,not significant,20240322_120625_alone_comp_subj_3-4_t5b5_merged.rec,3-4,10s win vs 10s baseline
198,14,69.5,0.20244979858398438,not significant,20240322_120625_alone_comp_subj_3-4_t5b5_merged.rec,3-4,10s win vs 10s baseline
199,39,60.5,0.18186569213867188,not significant,20240322_120625_alone_comp_subj_3-4_t5b5_merged.rec,3-4,10s win vs 10s baseline
200,73,55.0,0.06372261047363281,not significant,20240322_160946_alone_comp_subj_4-3_t6b6_merged.rec,4-3,10s win vs 10s baseline
201,58,50.5,0.14151763916015625,not significant,20240322_160946_alone_comp_subj_4-3_t6b6_merged.rec,4-3,10s win vs 10s baseline
202,158,73.5,0.6396942138671875,not significant,20240322_160946_alone_comp_subj_4-3_t6b6_merged.rec,4-3,10s win vs 10s baseline
203,25,32.5,0.005580902099609375,increases,20240322_160946_alone_comp_subj_4-3_t6b6_merged.rec,4-3,10s win vs 10s baseline
204,210,84.0,0.6794281005859375,not significant,20240322_160946_alone_comp_subj_4-3_t6b6_merged.rec,4-3,10s win vs 10s baseline
205,36,63.5,0.22532272338867188,not significant,20240322_160946_alone_comp_subj_4-3_t6b6_merged.rec,4-3,10s win vs 10s baseline
206,28,82.0,0.40909767150878906,not significant,20240322_160946_alone_comp_subj_4-3_t6b6_merged.rec,4-3,10s win vs 10s baseline
207,27,51.5,0.08742904663085938,not significant,20240322_160946_alone_comp_subj_4-3_t6b6_merged.rec,4-3,10s win vs 10s baseline
208,194,49.0,0.11870574951171875,not significant,20240322_160946_alone_comp_subj_4-3_t6b6_merged.rec,4-3,10s win vs 10s baseline
209,24,97.5,0.8123550415039062,not significant,20240322_160946_alone_comp_subj_4-3_t6b6_merged.rec,4-3,10s win vs 10s baseline
210,83,31.0,0.05767822265625,not significant,20240322_160946_alone_comp_subj_4-3_t6b6_merged.rec,4-3,10s win vs 10s baseline
211,13,92.0,0.6476554870605469,not significant,20240322_160946_alone_comp_subj_4-3_t6b6_merged.rec,4-3,10s win vs 10s baseline
212,216,95.0,0.7285060882568359,not significant,20240322_160946_alone_comp_subj_4-3_t6b6_merged.rec,4-3,10s win vs 10s baseline
213,183,16.0,0.000644683837890625,increases,20240322_160946_alone_comp_subj_4-3_t6b6_merged.rec,4-3,10s win vs 10s baseline
214,23,84.5,0.47490501403808594,not significant,20240322_160946_alone_comp_subj_4-3_t6b6_merged.rec,4-3,10s win vs 10s baseline
215,59,85.0,1.0,not significant,20240322_160946_alone_comp_subj_4-3_t6b6_merged.rec,4-3,10s win vs 10s baseline
216,77,88.5,0.8287849426269531,not significant,20240322_160946_alone_comp_subj_4-3_t6b6_merged.rec,4-3,10s win vs 10s baseline
217,177,19.0,0.0023345947265625,increases,20240322_160946_alone_comp_subj_4-3_t6b6_merged.rec,4-3,10s win vs 10s baseline
218,52,45.0,0.044559478759765625,increases,20240322_160946_alone_comp_subj_4-3_t6b6_merged.rec,4-3,10s win vs 10s baseline
219,169,67.5,0.17685317993164062,not significant,20240322_160946_alone_comp_subj_4-3_t6b6_merged.rec,4-3,10s win vs 10s baseline
220,101,48.0,0.03276824951171875,increases,20240322_160946_alone_comp_subj_4-3_t6b6_merged.rec,4-3,10s win vs 10s baseline
221,0,,,,20240323_122227_alone_comp_subj_5-2_t6b6_merged.rec,5-2,10s win vs 10s baseline
222,1,61.5,0.51708984375,not significant,20240323_144517_alone_comp_subj_3-4_t6b6_merged.rec,3-4,10s win vs 10s baseline
223,3,2.0,4.57763671875e-05,increases,20240323_144517_alone_comp_subj_3-4_t6b6_merged.rec,3-4,10s win vs 10s baseline
224,4,16.0,0.0025787353515625,increases,20240323_144517_alone_comp_subj_3-4_t6b6_merged.rec,3-4,10s win vs 10s baseline
225,7,38.0,0.22930908203125,not significant,20240323_144517_alone_comp_subj_3-4_t6b6_merged.rec,3-4,10s win vs 10s baseline
226,32,31.0,0.030517578125,increases,20240323_144517_alone_comp_subj_3-4_t6b6_merged.rec,3-4,10s win vs 10s baseline
227,27,46.0,0.45428466796875,not significant,20240323_144517_alone_comp_subj_3-4_t6b6_merged.rec,3-4,10s win vs 10s baseline
228,42,12.0,0.8125,not significant,20240323_165815_alone_comp_subj_4-2_t5b5_merged.rec,4-2,10s win vs 10s baseline
229,27,8.0,0.375,not significant,20240323_165815_alone_comp_subj_4-2_t5b5_merged.rec,4-2,10s win vs 10s baseline
230,54,9.0,0.46875,not significant,20240323_165815_alone_comp_subj_4-2_t5b5_merged.rec,4-2,10s win vs 10s baseline
231,18,11.0,0.6875,not significant,20240323_165815_alone_comp_subj_4-2_t5b5_merged.rec,4-2,10s win vs 10s baseline
232,0,10.0,0.578125,not significant,20240323_165815_alone_comp_subj_4-2_t5b5_merged.rec,4-2,10s win vs 10s baseline
233,49,6.0,0.21875,not significant,20240323_165815_alone_comp_subj_4-2_t5b5_merged.rec,4-2,10s win vs 10s baseline
234,81,6.0,0.21875,not significant,20240323_165815_alone_comp_subj_4-2_t5b5_merged.rec,4-2,10s win vs 10s baseline
235,75,10.0,1.0,not significant,20240323_165815_alone_comp_subj_4-2_t5b5_merged.rec,4-2,10s win vs 10s baseline
236,68,14.0,1.0,not significant,20240323_165815_alone_comp_subj_4-2_t5b5_merged.rec,4-2,10s win vs 10s baseline
237,4,3.0,0.078125,not significant,20240323_165815_alone_comp_subj_4-2_t5b5_merged.rec,4-2,10s win vs 10s baseline
238,24,6.0,0.21875,not significant,20240323_165815_alone_comp_subj_4-2_t5b5_merged.rec,4-2,10s win vs 10s baseline
239,85,9.0,0.46875,not significant,20230612_101430_standard_comp_to_training_D1_subj_1-3_t3b3L_box2_merged.rec,1-3,10s lose vs 10s baseline
240,55,11.0,0.6875,not significant,20230612_101430_standard_comp_to_training_D1_subj_1-3_t3b3L_box2_merged.rec,1-3,10s lose vs 10s baseline
241,17,4.0,0.4375,not significant,20230612_101430_standard_comp_to_training_D1_subj_1-3_t3b3L_box2_merged.rec,1-3,10s lose vs 10s baseline
242,24,10.0,0.578125,not significant,20230612_101430_standard_comp_to_training_D1_subj_1-3_t3b3L_box2_merged.rec,1-3,10s lose vs 10s baseline
243,68,14.0,1.0,not significant,20230612_101430_standard_comp_to_training_D1_subj_1-3_t3b3L_box2_merged.rec,1-3,10s lose vs 10s baseline
244,65,10.0,1.0,not significant,20230612_101430_standard_comp_to_training_D1_subj_1-3_t3b3L_box2_merged.rec,1-3,10s lose vs 10s baseline
245,98,8.5,0.46875,not significant,20230612_101430_standard_comp_to_training_D1_subj_1-3_t3b3L_box2_merged.rec,1-3,10s lose vs 10s baseline
246,94,9.0,0.46875,not significant,20230612_101430_standard_comp_to_training_D1_subj_1-3_t3b3L_box2_merged.rec,1-3,10s lose vs 10s baseline
247,2,14.0,1.0,not significant,20230612_101430_standard_comp_to_training_D1_subj_1-3_t3b3L_box2_merged.rec,1-3,10s lose vs 10s baseline
248,33,5.0,0.15625,not significant,20230612_101430_standard_comp_to_training_D1_subj_1-3_t3b3L_box2_merged.rec,1-3,10s lose vs 10s baseline
249,13,13.0,0.9375,not significant,20230612_101430_standard_comp_to_training_D1_subj_1-3_t3b3L_box2_merged.rec,1-3,10s lose vs 10s baseline
250,59,13.0,0.9375,not significant,20230612_101430_standard_comp_to_training_D1_subj_1-3_t3b3L_box2_merged.rec,1-3,10s lose vs 10s baseline
251,81,13.0,0.9375,not significant,20230612_101430_standard_comp_to_training_D1_subj_1-3_t3b3L_box2_merged.rec,1-3,10s lose vs 10s baseline
252,19,9.0,0.46875,not significant,20230612_101430_standard_comp_to_training_D1_subj_1-3_t3b3L_box2_merged.rec,1-3,10s lose vs 10s baseline
253,88,10.5,0.6875,not significant,20230612_101430_standard_comp_to_training_D1_subj_1-3_t3b3L_box2_merged.rec,1-3,10s lose vs 10s baseline
254,26,8.0,0.375,not significant,20230612_101430_standard_comp_to_training_D1_subj_1-3_t3b3L_box2_merged.rec,1-3,10s lose vs 10s baseline
255,5,8.5,0.84375,not significant,20230612_101430_standard_comp_to_training_D1_subj_1-3_t3b3L_box2_merged.rec,1-3,10s lose vs 10s baseline
256,36,10.0,1.0,not significant,20230612_101430_standard_comp_to_training_D1_subj_1-3_t3b3L_box2_merged.rec,1-3,10s lose vs 10s baseline
257,57,7.5,1.0,not significant,20230612_101430_standard_comp_to_training_D1_subj_1-3_t3b3L_box2_merged.rec,1-3,10s lose vs 10s baseline
258,0,,,,20230617_115521_standard_comp_to_omission_D1_subj_1-1_t1b3L_box1_merged.rec,1-1,10s lose vs 10s baseline
259,17,65.5,0.25792694091796875,not significant,20230617_115521_standard_comp_to_omission_D1_subj_1-2_t2b2L_box2_merged.rec,1-2,10s lose vs 10s baseline
260,43,24.5,0.0033416748046875,increases,20230617_115521_standard_comp_to_omission_D1_subj_1-2_t2b2L_box2_merged.rec,1-2,10s lose vs 10s baseline
261,25,39.5,0.088653564453125,not significant,20230617_115521_standard_comp_to_omission_D1_subj_1-2_t2b2L_box2_merged.rec,1-2,10s lose vs 10s baseline
262,35,47.5,0.1083831787109375,not significant,20230617_115521_standard_comp_to_omission_D1_subj_1-2_t2b2L_box2_merged.rec,1-2,10s lose vs 10s baseline
263,16,30.5,0.01593017578125,increases,20230617_115521_standard_comp_to_omission_D1_subj_1-2_t2b2L_box2_merged.rec,1-2,10s lose vs 10s baseline
264,34,64.0,0.22532272338867188,not significant,20230617_115521_standard_comp_to_omission_D1_subj_1-2_t2b2L_box2_merged.rec,1-2,10s lose vs 10s baseline
265,47,91.5,0.9217147827148438,not significant,20230617_115521_standard_comp_to_omission_D1_subj_1-2_t2b2L_box2_merged.rec,1-2,10s lose vs 10s baseline
266,20,57.0,0.22875213623046875,not significant,20230617_115521_standard_comp_to_omission_D1_subj_1-2_t2b2L_box2_merged.rec,1-2,10s lose vs 10s baseline
267,95,91.5,0.9217147827148438,not significant,20230617_115521_standard_comp_to_omission_D1_subj_1-2_t2b2L_box2_merged.rec,1-2,10s lose vs 10s baseline
268,73,77.0,0.48996734619140625,not significant,20230617_115521_standard_comp_to_omission_D1_subj_1-2_t2b2L_box2_merged.rec,1-2,10s lose vs 10s baseline
269,57,75.0,0.963226318359375,not significant,20230617_115521_standard_comp_to_omission_D1_subj_1-2_t2b2L_box2_merged.rec,1-2,10s lose vs 10s baseline
270,90,75.5,0.7018814086914062,not significant,20230617_115521_standard_comp_to_omission_D1_subj_1-2_t2b2L_box2_merged.rec,1-2,10s lose vs 10s baseline
271,46,92.5,0.9529838562011719,not significant,20230617_115521_standard_comp_to_omission_D1_subj_1-2_t2b2L_box2_merged.rec,1-2,10s lose vs 10s baseline
272,105,82.0,0.6225624084472656,not significant,20230617_115521_standard_comp_to_omission_D1_subj_1-2_t2b2L_box2_merged.rec,1-2,10s lose vs 10s baseline
273,39,75.0,0.4413337707519531,not significant,20230617_115521_standard_comp_to_omission_D1_subj_1-2_t2b2L_box2_merged.rec,1-2,10s lose vs 10s baseline
274,86,80.0,0.83172607421875,not significant,20230617_115521_standard_comp_to_omission_D1_subj_1-2_t2b2L_box2_merged.rec,1-2,10s lose vs 10s baseline
275,115,81.0,0.5948867797851562,not significant,20230617_115521_standard_comp_to_omission_D1_subj_1-2_t2b2L_box2_merged.rec,1-2,10s lose vs 10s baseline
276,72,84.0,0.9661178588867188,not significant,20230617_115521_standard_comp_to_omission_D1_subj_1-2_t2b2L_box2_merged.rec,1-2,10s lose vs 10s baseline
277,114,39.0,0.14385986328125,not significant,20230617_115521_standard_comp_to_omission_D1_subj_1-2_t2b2L_box2_merged.rec,1-2,10s lose vs 10s baseline
278,49,69.0,0.49507904052734375,not significant,20230617_115521_standard_comp_to_omission_D1_subj_1-2_t2b2L_box2_merged.rec,1-2,10s lose vs 10s baseline
279,42,49.0,0.06628799438476562,not significant,20230617_115521_standard_comp_to_omission_D1_subj_1-2_t2b2L_box2_merged.rec,1-2,10s lose vs 10s baseline
280,48,66.0,0.4171142578125,not significant,20230617_115521_standard_comp_to_omission_D1_subj_1-2_t2b2L_box2_merged.rec,1-2,10s lose vs 10s baseline
281,110,83.0,0.6507492065429688,not significant,20230617_115521_standard_comp_to_omission_D1_subj_1-2_t2b2L_box2_merged.rec,1-2,10s lose vs 10s baseline
282,52,75.5,0.4653167724609375,not significant,20230617_115521_standard_comp_to_omission_D1_subj_1-2_t2b2L_box2_merged.rec,1-2,10s lose vs 10s baseline
283,40,43.0,0.036067962646484375,increases,20230617_115521_standard_comp_to_omission_D1_subj_1-2_t2b2L_box2_merged.rec,1-2,10s lose vs 10s baseline
284,26,61.5,0.51708984375,not significant,20230617_115521_standard_comp_to_omission_D1_subj_1-2_t2b2L_box2_merged.rec,1-2,10s lose vs 10s baseline
285,139,4.0,0.21875,not significant,20230618_100636_standard_comp_to_omission_D2_subj_1-1_t1b2L_box2_merged.rec,1-1,10s lose vs 10s baseline
286,7,5.0,0.3125,not significant,20230618_100636_standard_comp_to_omission_D2_subj_1-1_t1b2L_box2_merged.rec,1-1,10s lose vs 10s baseline
287,76,4.0,0.21875,not significant,20230618_100636_standard_comp_to_omission_D2_subj_1-1_t1b2L_box2_merged.rec,1-1,10s lose vs 10s baseline
288,84,8.0,0.6875,not significant,20230618_100636_standard_comp_to_omission_D2_subj_1-1_t1b2L_box2_merged.rec,1-1,10s lose vs 10s baseline
289,159,5.0,0.3125,not significant,20230618_100636_standard_comp_to_omission_D2_subj_1-1_t1b2L_box2_merged.rec,1-1,10s lose vs 10s baseline
290,98,4.0,0.875,not significant,20230618_100636_standard_comp_to_omission_D2_subj_1-1_t1b2L_box2_merged.rec,1-1,10s lose vs 10s baseline
291,141,5.0,0.625,not significant,20230618_100636_standard_comp_to_omission_D2_subj_1-1_t1b2L_box2_merged.rec,1-1,10s lose vs 10s baseline
292,154,10.0,1.0,not significant,20230618_100636_standard_comp_to_omission_D2_subj_1-1_t1b2L_box2_merged.rec,1-1,10s lose vs 10s baseline
293,50,9.0,0.84375,not significant,20230618_100636_standard_comp_to_omission_D2_subj_1-1_t1b2L_box2_merged.rec,1-1,10s lose vs 10s baseline
294,12,0.0,0.03125,decreases,20230618_100636_standard_comp_to_omission_D2_subj_1-1_t1b2L_box2_merged.rec,1-1,10s lose vs 10s baseline
295,48,5.0,0.625,not significant,20230618_100636_standard_comp_to_omission_D2_subj_1-1_t1b2L_box2_merged.rec,1-1,10s lose vs 10s baseline
296,11,3.0,0.15625,not significant,20230618_100636_standard_comp_to_omission_D2_subj_1-1_t1b2L_box2_merged.rec,1-1,10s lose vs 10s baseline
297,175,0.0,0.03125,decreases,20230618_100636_standard_comp_to_omission_D2_subj_1-1_t1b2L_box2_merged.rec,1-1,10s lose vs 10s baseline
298,128,4.0,0.21875,not significant,20230618_100636_standard_comp_to_omission_D2_subj_1-1_t1b2L_box2_merged.rec,1-1,10s lose vs 10s baseline
299,90,5.0,0.3125,not significant,20230618_100636_standard_comp_to_omission_D2_subj_1-1_t1b2L_box2_merged.rec,1-1,10s lose vs 10s baseline
300,137,4.5,0.3125,not significant,20230618_100636_standard_comp_to_omission_D2_subj_1-1_t1b2L_box2_merged.rec,1-1,10s lose vs 10s baseline
301,161,9.0,0.84375,not significant,20230618_100636_standard_comp_to_omission_D2_subj_1-1_t1b2L_box2_merged.rec,1-1,10s lose vs 10s baseline
302,65,25.0,0.090576171875,not significant,20230618_100636_standard_comp_to_omission_D2_subj_1-4_t4b3L_box1_merged.rec,1-4,10s lose vs 10s baseline
303,123,38.0,0.635498046875,not significant,20230618_100636_standard_comp_to_omission_D2_subj_1-4_t4b3L_box1_merged.rec,1-4,10s lose vs 10s baseline
304,103,12.0,0.008544921875,increases,20230618_100636_standard_comp_to_omission_D2_subj_1-4_t4b3L_box1_merged.rec,1-4,10s lose vs 10s baseline
305,83,24.0,0.146484375,not significant,20230618_100636_standard_comp_to_omission_D2_subj_1-4_t4b3L_box1_merged.rec,1-4,10s lose vs 10s baseline
306,118,35.5,0.541748046875,not significant,20230618_100636_standard_comp_to_omission_D2_subj_1-4_t4b3L_box1_merged.rec,1-4,10s lose vs 10s baseline
307,93,36.5,0.90966796875,not significant,20230618_100636_standard_comp_to_omission_D2_subj_1-4_t4b3L_box1_merged.rec,1-4,10s lose vs 10s baseline
308,99,13.0,0.0107421875,increases,20230618_100636_standard_comp_to_omission_D2_subj_1-4_t4b3L_box1_merged.rec,1-4,10s lose vs 10s baseline
309,105,12.0,0.0673828125,not significant,20230618_100636_standard_comp_to_omission_D2_subj_1-4_t4b3L_box1_merged.rec,1-4,10s lose vs 10s baseline
310,87,28.5,0.4697265625,not significant,20230618_100636_standard_comp_to_omission_D2_subj_1-4_t4b3L_box1_merged.rec,1-4,10s lose vs 10s baseline
311,19,15.0,0.0166015625,increases,20230618_100636_standard_comp_to_omission_D2_subj_1-4_t4b3L_box1_merged.rec,1-4,10s lose vs 10s baseline
312,9,36.0,0.3258056640625,not significant,20230618_100636_standard_comp_to_omission_D2_subj_1-4_t4b3L_box1_merged.rec,1-4,10s lose vs 10s baseline
313,252,40.5,0.786865234375,not significant,20230619_115321_standard_comp_to_omission_D3_subj_1-4_t3b3L_box2_merged.rec,1-4,10s lose vs 10s baseline
314,44,12.0,0.0042724609375,increases,20230619_115321_standard_comp_to_omission_D3_subj_1-4_t3b3L_box2_merged.rec,1-4,10s lose vs 10s baseline
315,263,2.0,0.00018310546875,increases,20230619_115321_standard_comp_to_omission_D3_subj_1-4_t3b3L_box2_merged.rec,1-4,10s lose vs 10s baseline
316,262,35.0,0.1688232421875,not significant,20230619_115321_standard_comp_to_omission_D3_subj_1-4_t3b3L_box2_merged.rec,1-4,10s lose vs 10s baseline
317,282,55.5,0.846923828125,not significant,20230619_115321_standard_comp_to_omission_D3_subj_1-4_t3b3L_box2_merged.rec,1-4,10s lose vs 10s baseline
318,134,56.0,0.846923828125,not significant,20230619_115321_standard_comp_to_omission_D3_subj_1-4_t3b3L_box2_merged.rec,1-4,10s lose vs 10s baseline
319,274,8.0,0.00152587890625,increases,20230619_115321_standard_comp_to_omission_D3_subj_1-4_t3b3L_box2_merged.rec,1-4,10s lose vs 10s baseline
320,186,19.0,0.0352783203125,increases,20230619_115321_standard_comp_to_omission_D3_subj_1-4_t3b3L_box2_merged.rec,1-4,10s lose vs 10s baseline
321,227,36.5,0.207763671875,not significant,20230619_115321_standard_comp_to_omission_D3_subj_1-4_t3b3L_box2_merged.rec,1-4,10s lose vs 10s baseline
322,250,53.5,0.76153564453125,not significant,20230619_115321_standard_comp_to_omission_D3_subj_1-4_t3b3L_box2_merged.rec,1-4,10s lose vs 10s baseline
323,11,45.0,0.6697998046875,not significant,20230619_115321_standard_comp_to_omission_D3_subj_1-4_t3b3L_box2_merged.rec,1-4,10s lose vs 10s baseline
324,132,21.5,0.0579833984375,not significant,20230619_115321_standard_comp_to_omission_D3_subj_1-4_t3b3L_box2_merged.rec,1-4,10s lose vs 10s baseline
325,268,22.0,0.0301513671875,increases,20230619_115321_standard_comp_to_omission_D3_subj_1-4_t3b3L_box2_merged.rec,1-4,10s lose vs 10s baseline
326,275,2.0,0.00018310546875,increases,20230619_115321_standard_comp_to_omission_D3_subj_1-4_t3b3L_box2_merged.rec,1-4,10s lose vs 10s baseline
327,187,1.0,0.0001220703125,increases,20230619_115321_standard_comp_to_omission_D3_subj_1-4_t3b3L_box2_merged.rec,1-4,10s lose vs 10s baseline
328,271,32.0,0.216552734375,not significant,20230619_115321_standard_comp_to_omission_D3_subj_1-4_t3b3L_box2_merged.rec,1-4,10s lose vs 10s baseline
329,255,37.0,0.3575439453125,not significant,20230619_115321_standard_comp_to_omission_D3_subj_1-4_t3b3L_box2_merged.rec,1-4,10s lose vs 10s baseline
330,272,0.0,0.0001220703125,decreases,20230619_115321_standard_comp_to_omission_D3_subj_1-4_t3b3L_box2_merged.rec,1-4,10s lose vs 10s baseline
331,0,,,,20230620_114347_standard_comp_to_omission_D4_subj_1-1_t1b2L_box_2_merged.rec,1-1,10s lose vs 10s baseline
332,42,38.5,0.684814453125,not significant,20230620_114347_standard_comp_to_omission_D4_subj_1-2_t3b3L_box_1_merged.rec,1-2,10s lose vs 10s baseline
333,207,29.0,0.4697265625,not significant,20230620_114347_standard_comp_to_omission_D4_subj_1-2_t3b3L_box_1_merged.rec,1-2,10s lose vs 10s baseline
334,262,30.0,0.5185546875,not significant,20230620_114347_standard_comp_to_omission_D4_subj_1-2_t3b3L_box_1_merged.rec,1-2,10s lose vs 10s baseline
335,144,40.0,0.7353515625,not significant,20230620_114347_standard_comp_to_omission_D4_subj_1-2_t3b3L_box_1_merged.rec,1-2,10s lose vs 10s baseline
336,41,21.0,0.09423828125,not significant,20230620_114347_standard_comp_to_omission_D4_subj_1-2_t3b3L_box_1_merged.rec,1-2,10s lose vs 10s baseline
337,162,10.0,0.010498046875,increases,20230620_114347_standard_comp_to_omission_D4_subj_1-2_t3b3L_box_1_merged.rec,1-2,10s lose vs 10s baseline
338,48,40.0,0.7353515625,not significant,20230620_114347_standard_comp_to_omission_D4_subj_1-2_t3b3L_box_1_merged.rec,1-2,10s lose vs 10s baseline
339,45,41.5,0.83935546875,not significant,20230620_114347_standard_comp_to_omission_D4_subj_1-2_t3b3L_box_1_merged.rec,1-2,10s lose vs 10s baseline
340,68,25.0,0.30126953125,not significant,20230620_114347_standard_comp_to_omission_D4_subj_1-2_t3b3L_box_1_merged.rec,1-2,10s lose vs 10s baseline
341,259,42.0,0.83935546875,not significant,20230620_114347_standard_comp_to_omission_D4_subj_1-2_t3b3L_box_1_merged.rec,1-2,10s lose vs 10s baseline
342,153,36.5,0.587890625,not significant,20230620_114347_standard_comp_to_omission_D4_subj_1-2_t3b3L_box_1_merged.rec,1-2,10s lose vs 10s baseline
343,269,31.0,0.339599609375,not significant,20230620_114347_standard_comp_to_omission_D4_subj_1-2_t3b3L_box_1_merged.rec,1-2,10s lose vs 10s baseline
344,53,37.0,0.587890625,not significant,20230620_114347_standard_comp_to_omission_D4_subj_1-2_t3b3L_box_1_merged.rec,1-2,10s lose vs 10s baseline
345,168,19.0,0.431640625,not significant,20230620_114347_standard_comp_to_omission_D4_subj_1-2_t3b3L_box_1_merged.rec,1-2,10s lose vs 10s baseline
346,58,36.0,0.85009765625,not significant,20230620_114347_standard_comp_to_omission_D4_subj_1-2_t3b3L_box_1_merged.rec,1-2,10s lose vs 10s baseline
347,258,38.5,0.684814453125,not significant,20230620_114347_standard_comp_to_omission_D4_subj_1-2_t3b3L_box_1_merged.rec,1-2,10s lose vs 10s baseline
348,14,13.0,0.0830078125,not significant,20230620_114347_standard_comp_to_omission_D4_subj_1-2_t3b3L_box_1_merged.rec,1-2,10s lose vs 10s baseline
349,241,38.0,0.9697265625,not significant,20230620_114347_standard_comp_to_omission_D4_subj_1-2_t3b3L_box_1_merged.rec,1-2,10s lose vs 10s baseline
350,245,38.0,0.9697265625,not significant,20230620_114347_standard_comp_to_omission_D4_subj_1-2_t3b3L_box_1_merged.rec,1-2,10s lose vs 10s baseline
351,28,38.5,0.684814453125,not significant,20230620_114347_standard_comp_to_omission_D4_subj_1-2_t3b3L_box_1_merged.rec,1-2,10s lose vs 10s baseline
352,43,38.5,1.0,not significant,20230620_114347_standard_comp_to_omission_D4_subj_1-2_t3b3L_box_1_merged.rec,1-2,10s lose vs 10s baseline
353,124,44.0,0.946044921875,not significant,20230620_114347_standard_comp_to_omission_D4_subj_1-2_t3b3L_box_1_merged.rec,1-2,10s lose vs 10s baseline
354,221,45.0,1.0,not significant,20230620_114347_standard_comp_to_omission_D4_subj_1-2_t3b3L_box_1_merged.rec,1-2,10s lose vs 10s baseline
355,244,30.0,0.8310546875,not significant,20230620_114347_standard_comp_to_omission_D4_subj_1-2_t3b3L_box_1_merged.rec,1-2,10s lose vs 10s baseline
356,227,7.5,0.0244140625,increases,20230620_114347_standard_comp_to_omission_D4_subj_1-2_t3b3L_box_1_merged.rec,1-2,10s lose vs 10s baseline
357,226,32.0,0.375732421875,not significant,20230620_114347_standard_comp_to_omission_D4_subj_1-2_t3b3L_box_1_merged.rec,1-2,10s lose vs 10s baseline
358,266,32.5,0.414306640625,not significant,20230620_114347_standard_comp_to_omission_D4_subj_1-2_t3b3L_box_1_merged.rec,1-2,10s lose vs 10s baseline
359,36,42.0,0.0599365234375,not significant,20230621_111240_standard_comp_to_omission_D5_subj_1-4_t3b3L_box1_merged.rec,1-4,10s lose vs 10s baseline
360,17,37.0,0.03423309326171875,increases,20230621_111240_standard_comp_to_omission_D5_subj_1-4_t3b3L_box1_merged.rec,1-4,10s lose vs 10s baseline
361,7,59.0,0.2645263671875,not significant,20230621_111240_standard_comp_to_omission_D5_subj_1-4_t3b3L_box1_merged.rec,1-4,10s lose vs 10s baseline
362,6,24.0,0.0055999755859375,increases,20230621_111240_standard_comp_to_omission_D5_subj_1-4_t3b3L_box1_merged.rec,1-4,10s lose vs 10s baseline
363,37,78.0,0.7660293579101562,not significant,20230621_111240_standard_comp_to_omission_D5_subj_1-4_t3b3L_box1_merged.rec,1-4,10s lose vs 10s baseline
364,84,12.5,0.00067138671875,increases,20230621_111240_standard_comp_to_omission_D5_subj_1-4_t3b3L_box1_merged.rec,1-4,10s lose vs 10s baseline
365,76,49.0,0.11870574951171875,not significant,20230621_111240_standard_comp_to_omission_D5_subj_1-4_t3b3L_box1_merged.rec,1-4,10s lose vs 10s baseline
366,24,33.0,0.02081298828125,increases,20230621_111240_standard_comp_to_omission_D5_subj_1-4_t3b3L_box1_merged.rec,1-4,10s lose vs 10s baseline
367,16,40.0,0.088653564453125,not significant,20230621_111240_standard_comp_to_omission_D5_subj_1-4_t3b3L_box1_merged.rec,1-4,10s lose vs 10s baseline
368,13,72.0,0.5798416137695312,not significant,20230621_111240_standard_comp_to_omission_D5_subj_1-4_t3b3L_box1_merged.rec,1-4,10s lose vs 10s baseline
369,47,53.5,0.18146514892578125,not significant,20230621_111240_standard_comp_to_omission_D5_subj_1-4_t3b3L_box1_merged.rec,1-4,10s lose vs 10s baseline
370,82,8.0,0.0003814697265625,increases,20230621_111240_standard_comp_to_omission_D5_subj_1-4_t3b3L_box1_merged.rec,1-4,10s lose vs 10s baseline
371,46,69.0,0.49507904052734375,not significant,20230621_111240_standard_comp_to_omission_D5_subj_1-4_t3b3L_box1_merged.rec,1-4,10s lose vs 10s baseline
372,26,64.5,0.6112213134765625,not significant,20230621_111240_standard_comp_to_omission_D5_subj_1-4_t3b3L_box1_merged.rec,1-4,10s lose vs 10s baseline
373,86,41.0,0.17535400390625,not significant,20230621_111240_standard_comp_to_omission_D5_subj_1-4_t3b3L_box1_merged.rec,1-4,10s lose vs 10s baseline
374,89,30.0,0.0138702392578125,increases,20230621_111240_standard_comp_to_omission_D5_subj_1-4_t3b3L_box1_merged.rec,1-4,10s lose vs 10s baseline
375,15,78.5,0.7987060546875,not significant,20230621_111240_standard_comp_to_omission_D5_subj_1-4_t3b3L_box1_merged.rec,1-4,10s lose vs 10s baseline
376,74,79.0,0.7987060546875,not significant,20230621_111240_standard_comp_to_omission_D5_subj_1-4_t3b3L_box1_merged.rec,1-4,10s lose vs 10s baseline
377,22,1.5,9.1552734375e-05,increases,20230621_111240_standard_comp_to_omission_D5_subj_1-4_t3b3L_box1_merged.rec,1-4,10s lose vs 10s baseline
378,87,10.0,0.00032806396484375,increases,20230621_111240_standard_comp_to_omission_D5_subj_1-4_t3b3L_box1_merged.rec,1-4,10s lose vs 10s baseline
379,9,92.0,0.6476554870605469,not significant,20230622_110832_standard_comp_to_both_rewarded_D1_subj_1-1_t1b3L_box1_merged.rec,1-1,10s lose vs 10s baseline
380,24,79.5,0.5677604675292969,not significant,20230622_110832_standard_comp_to_both_rewarded_D1_subj_1-1_t1b3L_box1_merged.rec,1-1,10s lose vs 10s baseline
381,76,92.0,0.6476554870605469,not significant,20230622_110832_standard_comp_to_both_rewarded_D1_subj_1-1_t1b3L_box1_merged.rec,1-1,10s lose vs 10s baseline
382,10,67.5,0.2934989929199219,not significant,20230622_110832_standard_comp_to_both_rewarded_D1_subj_1-1_t1b3L_box1_merged.rec,1-1,10s lose vs 10s baseline
383,94,102.5,0.956329345703125,not significant,20230622_110832_standard_comp_to_both_rewarded_D1_subj_1-1_t1b3L_box1_merged.rec,1-1,10s lose vs 10s baseline
384,87,87.5,0.5458755493164062,not significant,20230622_110832_standard_comp_to_both_rewarded_D1_subj_1-1_t1b3L_box1_merged.rec,1-1,10s lose vs 10s baseline
385,1,84.0,0.4523754119873047,not significant,20230622_110832_standard_comp_to_both_rewarded_D1_subj_1-1_t1b3L_box1_merged.rec,1-1,10s lose vs 10s baseline
386,15,57.0,0.22875213623046875,not significant,20230622_110832_standard_comp_to_both_rewarded_D1_subj_1-1_t1b3L_box1_merged.rec,1-1,10s lose vs 10s baseline
387,97,61.5,0.51708984375,not significant,20230622_110832_standard_comp_to_both_rewarded_D1_subj_1-1_t1b3L_box1_merged.rec,1-1,10s lose vs 10s baseline
388,39,78.5,0.5412178039550781,not significant,20230622_110832_standard_comp_to_both_rewarded_D1_subj_1-1_t1b3L_box1_merged.rec,1-1,10s lose vs 10s baseline
389,2,18.5,0.431640625,not significant,20230622_110832_standard_comp_to_both_rewarded_D1_subj_1-1_t1b3L_box1_merged.rec,1-1,10s lose vs 10s baseline
390,11,27.0,1.0,not significant,20230622_110832_standard_comp_to_both_rewarded_D1_subj_1-1_t1b3L_box1_merged.rec,1-1,10s lose vs 10s baseline
391,77,34.0,0.267578125,not significant,20230622_110832_standard_comp_to_both_rewarded_D1_subj_1-1_t1b3L_box1_merged.rec,1-1,10s lose vs 10s baseline
392,0,,,,20230622_110832_standard_comp_to_both_rewarded_D1_subj_1-2_t3b3L_box1_merged.rec,1-2,10s lose vs 10s baseline
393,0,,,,20230624_105855_standard_comp_to_both_rewarded_D3_subj_1-2_t1b2L_box1_merged.rec,1-2,10s lose vs 10s baseline
394,5,80.0,0.36827659606933594,not significant,20230624_105855_standard_comp_to_both_rewarded_D3_subj_1-4_t3b3L_box1_merged.rec,1-4,10s lose vs 10s baseline
395,91,100.0,0.8694877624511719,not significant,20230624_105855_standard_comp_to_both_rewarded_D3_subj_1-4_t3b3L_box1_merged.rec,1-4,10s lose vs 10s baseline
396,41,40.0,0.27685546875,not significant,20230624_105855_standard_comp_to_both_rewarded_D3_subj_1-4_t3b3L_box1_merged.rec,1-4,10s lose vs 10s baseline
397,25,5.0,1.9073486328125e-05,increases,20230624_105855_standard_comp_to_both_rewarded_D3_subj_1-4_t3b3L_box1_merged.rec,1-4,10s lose vs 10s baseline
398,80,46.0,0.026641845703125,increases,20230624_105855_standard_comp_to_both_rewarded_D3_subj_1-4_t3b3L_box1_merged.rec,1-4,10s lose vs 10s baseline
399,73,17.5,0.00384521484375,increases,20230624_105855_standard_comp_to_both_rewarded_D3_subj_1-4_t3b3L_box1_merged.rec,1-4,10s lose vs 10s baseline
400,62,52.5,0.2841644287109375,not significant,20230624_105855_standard_comp_to_both_rewarded_D3_subj_1-4_t3b3L_box1_merged.rec,1-4,10s lose vs 10s baseline
401,17,27.0,0.00896453857421875,increases,20230624_105855_standard_comp_to_both_rewarded_D3_subj_1-4_t3b3L_box1_merged.rec,1-4,10s lose vs 10s baseline
402,19,77.0,0.48996734619140625,not significant,20230624_105855_standard_comp_to_both_rewarded_D3_subj_1-4_t3b3L_box1_merged.rec,1-4,10s lose vs 10s baseline
403,70,58.0,0.14468765258789062,not significant,20230624_105855_standard_comp_to_both_rewarded_D3_subj_1-4_t3b3L_box1_merged.rec,1-4,10s lose vs 10s baseline
404,10,68.5,0.312408447265625,not significant,20230624_105855_standard_comp_to_both_rewarded_D3_subj_1-4_t3b3L_box1_merged.rec,1-4,10s lose vs 10s baseline
405,35,72.5,0.6094589233398438,not significant,20230624_105855_standard_comp_to_both_rewarded_D3_subj_1-4_t3b3L_box1_merged.rec,1-4,10s lose vs 10s baseline
406,0,70.0,0.3320655822753906,not significant,20230624_105855_standard_comp_to_both_rewarded_D3_subj_1-4_t3b3L_box1_merged.rec,1-4,10s lose vs 10s baseline
407,20,103.5,0.9854354858398438,not significant,20230624_105855_standard_comp_to_both_rewarded_D3_subj_1-4_t3b3L_box1_merged.rec,1-4,10s lose vs 10s baseline
408,84,76.5,0.48996734619140625,not significant,20230624_105855_standard_comp_to_both_rewarded_D3_subj_1-4_t3b3L_box1_merged.rec,1-4,10s lose vs 10s baseline
409,61,91.5,0.9217147827148438,not significant,20230624_105855_standard_comp_to_both_rewarded_D3_subj_1-4_t3b3L_box1_merged.rec,1-4,10s lose vs 10s baseline
410,52,94.0,0.7011814117431641,not significant,20230624_105855_standard_comp_to_both_rewarded_D3_subj_1-4_t3b3L_box1_merged.rec,1-4,10s lose vs 10s baseline
411,54,74.5,0.6705245971679688,not significant,20230624_105855_standard_comp_to_both_rewarded_D3_subj_1-4_t3b3L_box1_merged.rec,1-4,10s lose vs 10s baseline
412,0,,,,20230625_112913_standard_comp_to_both_rewarded_D4_subj_1-1_t1b2L_box1_merged.rec,1-1,10s lose vs 10s baseline
413,52,18.0,0.00762939453125,increases,20230625_112913_standard_comp_to_both_rewarded_D4_subj_1-4_t3b3L_box1_merged.rec,1-4,10s lose vs 10s baseline
414,60,16.0,0.01025390625,increases,20230625_112913_standard_comp_to_both_rewarded_D4_subj_1-4_t3b3L_box1_merged.rec,1-4,10s lose vs 10s baseline
415,77,48.5,0.348388671875,not significant,20230625_112913_standard_comp_to_both_rewarded_D4_subj_1-4_t3b3L_box1_merged.rec,1-4,10s lose vs 10s baseline
416,105,42.5,0.21142578125,not significant,20230625_112913_standard_comp_to_both_rewarded_D4_subj_1-4_t3b3L_box1_merged.rec,1-4,10s lose vs 10s baseline
417,9,57.0,0.890380859375,not significant,20230625_112913_standard_comp_to_both_rewarded_D4_subj_1-4_t3b3L_box1_merged.rec,1-4,10s lose vs 10s baseline
418,0,57.5,0.632171630859375,not significant,20230625_112913_standard_comp_to_both_rewarded_D4_subj_1-4_t3b3L_box1_merged.rec,1-4,10s lose vs 10s baseline
419,99,22.5,0.03533935546875,increases,20230625_112913_standard_comp_to_both_rewarded_D4_subj_1-4_t3b3L_box1_merged.rec,1-4,10s lose vs 10s baseline
420,53,59.5,0.705718994140625,not significant,20230625_112913_standard_comp_to_both_rewarded_D4_subj_1-4_t3b3L_box1_merged.rec,1-4,10s lose vs 10s baseline
421,85,51.5,0.67877197265625,not significant,20230625_112913_standard_comp_to_both_rewarded_D4_subj_1-4_t3b3L_box1_merged.rec,1-4,10s lose vs 10s baseline
422,16,48.0,0.322509765625,not significant,20230625_112913_standard_comp_to_both_rewarded_D4_subj_1-4_t3b3L_box1_merged.rec,1-4,10s lose vs 10s baseline
423,39,49.0,0.348388671875,not significant,20230625_112913_standard_comp_to_both_rewarded_D4_subj_1-4_t3b3L_box1_merged.rec,1-4,10s lose vs 10s baseline
424,17,46.0,0.274444580078125,not significant,20230625_112913_standard_comp_to_both_rewarded_D4_subj_1-4_t3b3L_box1_merged.rec,1-4,10s lose vs 10s baseline
425,15,52.5,0.7197265625,not significant,20230625_112913_standard_comp_to_both_rewarded_D4_subj_1-4_t3b3L_box1_merged.rec,1-4,10s lose vs 10s baseline
426,27,40.0,0.27685546875,not significant,20230625_112913_standard_comp_to_both_rewarded_D4_subj_1-4_t3b3L_box1_merged.rec,1-4,10s lose vs 10s baseline
427,11,5.0,0.001220703125,increases,20230625_112913_standard_comp_to_both_rewarded_D4_subj_1-4_t3b3L_box1_merged.rec,1-4,10s lose vs 10s baseline
428,18,16.0,0.84375,not significant,20240320_142408_alone_comp_subj_3-1_t6b6_merged.rec,3-1,10s lose vs 10s baseline
429,9,15.0,0.7421875,not significant,20240320_142408_alone_comp_subj_3-1_t6b6_merged.rec,3-1,10s lose vs 10s baseline
430,20,17.0,0.9453125,not significant,20240320_142408_alone_comp_subj_3-1_t6b6_merged.rec,3-1,10s lose vs 10s baseline
431,154,17.0,0.9453125,not significant,20240320_142408_alone_comp_subj_3-1_t6b6_merged.rec,3-1,10s lose vs 10s baseline
432,123,9.0,0.25,not significant,20240320_142408_alone_comp_subj_3-1_t6b6_merged.rec,3-1,10s lose vs 10s baseline
433,115,11.0,0.3828125,not significant,20240320_142408_alone_comp_subj_3-1_t6b6_merged.rec,3-1,10s lose vs 10s baseline
434,117,7.5,0.6875,not significant,20240320_142408_alone_comp_subj_3-1_t6b6_merged.rec,3-1,10s lose vs 10s baseline
435,150,11.0,0.3828125,not significant,20240320_142408_alone_comp_subj_3-1_t6b6_merged.rec,3-1,10s lose vs 10s baseline
436,13,9.0,0.46875,not significant,20240320_142408_alone_comp_subj_3-1_t6b6_merged.rec,3-1,10s lose vs 10s baseline
437,190,14.0,1.0,not significant,20240320_142408_alone_comp_subj_3-1_t6b6_merged.rec,3-1,10s lose vs 10s baseline
438,124,34.0,0.7333984375,not significant,20240320_142408_alone_comp_subj_3-3_t5b5_merged.rec,3-3,10s lose vs 10s baseline
439,148,3.0,0.0048828125,increases,20240320_142408_alone_comp_subj_3-3_t5b5_merged.rec,3-3,10s lose vs 10s baseline
440,45,17.5,0.10986328125,not significant,20240320_142408_alone_comp_subj_3-3_t5b5_merged.rec,3-3,10s lose vs 10s baseline
441,146,33.0,1.0,not significant,20240320_142408_alone_comp_subj_3-3_t5b5_merged.rec,3-3,10s lose vs 10s baseline
442,109,20.0,0.2783203125,not significant,20240320_142408_alone_comp_subj_3-3_t5b5_merged.rec,3-3,10s lose vs 10s baseline
443,60,19.0,0.431640625,not significant,20240320_142408_alone_comp_subj_3-3_t5b5_merged.rec,3-3,10s lose vs 10s baseline
444,67,36.0,0.85009765625,not significant,20240320_142408_alone_comp_subj_3-3_t5b5_merged.rec,3-3,10s lose vs 10s baseline
445,9,51.5,0.433197021484375,not significant,20240320_171038_alone_comp_subj_4-2_t6b6_merged.rec,4-2,10s lose vs 10s baseline
446,56,47.5,0.190093994140625,not significant,20240320_171038_alone_comp_subj_4-2_t6b6_merged.rec,4-2,10s lose vs 10s baseline
447,42,54.0,0.104156494140625,not significant,20240320_171038_alone_comp_subj_4-2_t6b6_merged.rec,4-2,10s lose vs 10s baseline
448,33,42.0,0.19281005859375,not significant,20240320_171038_alone_comp_subj_4-2_t6b6_merged.rec,4-2,10s lose vs 10s baseline
449,0,,,,20240320_171038_alone_comp_subj_4-3_t5b5_merged.rec,4-3,10s lose vs 10s baseline
450,15,101.0,0.8983173370361328,not significant,20240322_120625_alone_comp_subj_3-3_t6b6_merged.rec,3-3,10s lose vs 10s baseline
451,3,27.5,0.243896484375,not significant,20240322_120625_alone_comp_subj_3-3_t6b6_merged.rec,3-3,10s lose vs 10s baseline
452,101,86.0,0.49800872802734375,not significant,20240322_120625_alone_comp_subj_3-3_t6b6_merged.rec,3-3,10s lose vs 10s baseline
453,47,96.0,0.7561664581298828,not significant,20240322_120625_alone_comp_subj_3-3_t6b6_merged.rec,3-3,10s lose vs 10s baseline
454,89,60.0,0.09730720520019531,not significant,20240322_120625_alone_comp_subj_3-3_t6b6_merged.rec,3-3,10s lose vs 10s baseline
455,72,69.0,0.312408447265625,not significant,20240322_120625_alone_comp_subj_3-3_t6b6_merged.rec,3-3,10s lose vs 10s baseline
456,103,93.5,0.9843215942382812,not significant,20240322_120625_alone_comp_subj_3-3_t6b6_merged.rec,3-3,10s lose vs 10s baseline
457,18,69.0,0.7466583251953125,not significant,20240322_120625_alone_comp_subj_3-3_t6b6_merged.rec,3-3,10s lose vs 10s baseline
458,60,81.0,0.8650436401367188,not significant,20240322_120625_alone_comp_subj_3-3_t6b6_merged.rec,3-3,10s lose vs 10s baseline
459,76,69.0,0.49507904052734375,not significant,20240322_120625_alone_comp_subj_3-3_t6b6_merged.rec,3-3,10s lose vs 10s baseline
460,0,,,,20240322_120625_alone_comp_subj_3-4_t5b5_merged.rec,3-4,10s lose vs 10s baseline
461,0,,,,20240322_160946_alone_comp_subj_4-3_t6b6_merged.rec,4-3,10s lose vs 10s baseline
462,68,90.0,0.8595733642578125,not significant,20240323_122227_alone_comp_subj_5-2_t6b6_merged.rec,5-2,10s lose vs 10s baseline
463,32,73.0,0.3954620361328125,not significant,20240323_122227_alone_comp_subj_5-2_t6b6_merged.rec,5-2,10s lose vs 10s baseline
464,72,77.0,0.48996734619140625,not significant,20240323_122227_alone_comp_subj_5-2_t6b6_merged.rec,5-2,10s lose vs 10s baseline
465,52,76.0,0.7018814086914062,not significant,20240323_122227_alone_comp_subj_5-2_t6b6_merged.rec,5-2,10s lose vs 10s baseline
466,69,31.0,0.05767822265625,not significant,20240323_122227_alone_comp_subj_5-2_t6b6_merged.rec,5-2,10s lose vs 10s baseline
467,0,,,,20240323_144517_alone_comp_subj_3-4_t6b6_merged.rec,3-4,10s lose vs 10s baseline
468,42,20.0,0.4921875,not significant,20240323_165815_alone_comp_subj_4-2_t5b5_merged.rec,4-2,10s lose vs 10s baseline
469,27,22.5,0.6953125,not significant,20240323_165815_alone_comp_subj_4-2_t5b5_merged.rec,4-2,10s lose vs 10s baseline
470,54,11.0,0.10546875,not significant,20240323_165815_alone_comp_subj_4-2_t5b5_merged.rec,4-2,10s lose vs 10s baseline
471,18,22.0,0.625,not significant,20240323_165815_alone_comp_subj_4-2_t5b5_merged.rec,4-2,10s lose vs 10s baseline
472,0,24.5,0.845703125,not significant,20240323_165815_alone_comp_subj_4-2_t5b5_merged.rec,4-2,10s lose vs 10s baseline
473,49,25.0,0.845703125,not significant,20240323_165815_alone_comp_subj_4-2_t5b5_merged.rec,4-2,10s lose vs 10s baseline
474,81,23.0,0.6953125,not significant,20240323_165815_alone_comp_subj_4-2_t5b5_merged.rec,4-2,10s lose vs 10s baseline
475,75,7.0,0.1484375,not significant,20240323_165815_alone_comp_subj_4-2_t5b5_merged.rec,4-2,10s lose vs 10s baseline
476,68,15.5,0.49609375,not significant,20240323_165815_alone_comp_subj_4-2_t5b5_merged.rec,4-2,10s lose vs 10s baseline
477,4,19.0,0.431640625,not significant,20240323_165815_alone_comp_subj_4-2_t5b5_merged.rec,4-2,10s lose vs 10s baseline
478,24,24.0,0.76953125,not significant,20240323_165815_alone_comp_subj_4-2_t5b5_merged.rec,4-2,10s lose vs 10s baseline
